,score,ibge,nom,codigo_uf,uf
0,-3.064220183486239,1301001,Carauari,13,AM
1,-3.0605504587155963,3146750,Palmópolis,31,MG
2,-3.0458715596330275,2105708,Lago da Pedra,21,MA
3,-3.03302752293578,3126505,Francisco Badaró,31,MG
4,-2.985321100917431,3502002,Analândia,35,SP
5,-2.981651376146789,4108452,Foz do Jordão,41,PR
6,-2.9724770642201834,1300607,Benjamin Constant,13,AM
7,-2.968807339449541,3552007,Silveiras,35,SP
8,-2.965137614678899,1304203,Tefé,13,AM
9,-2.9614678899082567,2918209,Jiquiriçá,29,BA
10,-2.9504587155963304,1304104,Tapauá,13,AM
11,-2.9412844036697248,4100202,Adrianópolis,41,PR
12,-2.93394495412844,3509957,Canas,35,SP
13,-2.93394495412844,2107704,Paraibano,21,MA
14,-2.926605504587156,1505650,Placas,15,PA
15,-2.913761467889908,3138906,Machacalis,31,MG
16,-2.911926605504587,2912509,Ibipitanga,29,BA
17,-2.891743119266055,2514909,São Mamede,25,PB
18,-2.8844036697247706,3541901,Queluz,35,SP
19,-2.8825688073394495,4323358,Vila Lângaro,43,RS
20,-2.8568807339449545,5221551,Turvelândia,52,GO
21,-2.853211009174312,3103504,Araguari,31,MG
22,-2.853211009174312,3526605,Lavrinhas,35,SP
23,-2.840366972477064,1101492,São Francisco do Guaporé,11,RO
24,-2.8000000000000003,2906600,Candiba,29,BA
25,-2.788990825688073,3115458,Catuji,31,MG
26,-2.788990825688073,2910107,Dom Basílio,29,BA
27,-2.785321100917431,3502507,Aparecida,35,SP
28,-2.781651376146789,3116308,Cipotânea,31,MG
29,-2.781651376146789,3116803,Coluna,31,MG
30,-2.7541284403669724,2102200,Buriti,21,MA
31,-2.730275229357798,2314003,Várzea Alegre,23,CE
32,-2.7211009174311926,2515401,São Vicente do Seridó,25,PB
33,-2.7100917431192664,2926806,Rio do Antônio,29,BA
34,-2.7009174311926603,2906501,Candeias,29,BA
35,-2.699082568807339,2101301,Bacuri,21,MA
36,-2.684403669724771,5107180,Ribeirão Cascalheira,51,MT
37,-2.6807339449541288,3135456,Jenipapo de Minas,31,MG
38,-2.677064220183486,3535606,Paraibuna,35,SP
39,-2.677064220183486,2109502,Riachão,21,MA
40,-2.6733944954128437,2922250,Muquém de São Francisco,29,BA
41,-2.6678899082568805,3538501,Piquete,35,SP
42,-2.6587155963302753,3102852,Angelândia,31,MG
43,-2.6550458715596332,2914406,Iraquara,29,BA
44,-2.6458715596330276,3500501,Águas de Lindóia,35,SP
45,-2.644036697247706,3550001,São Luiz do Paraitinga,35,SP
46,-2.642201834862385,3122207,Divinolândia de Minas,31,MG
47,-2.642201834862385,1303205,Novo Airão,13,AM
48,-2.6311926605504588,3300407,Barra Mansa,33,RJ
49,-2.5761467889908256,3519253,Iaras,35,SP
50,-2.5651376146788993,5204953,Campos Verdes,52,GO
51,-2.554128440366972,3305505,Saquarema,33,RJ
52,-2.504587155963303,2928000,Santaluz,29,BA
53,-2.5009174311926605,2503555,Cacimbas,25,PB
54,-2.469724770642202,3505401,Barra do Turvo,35,SP
55,-2.460550458715596,3545100,Salmourão,35,SP
56,-2.4440366972477063,5100607,Alto Taquari,51,MT
57,-2.4311926605504586,2516805,Triunfo,25,PB
58,-2.4146788990825687,2904209,Botuporã,29,BA
59,-2.4146788990825687,3549508,São José da Bela Vista,35,SP
60,-2.403669724770642,5210802,Itajá,52,GO
61,-2.4,2508505,Livramento,25,PB
62,-2.3926605504587157,1700350,Aliança do Tocantins,17,TO
63,-2.3871559633027526,2905156,Caetanos,29,BA
64,-2.381651376146789,1500305,Afuá,15,PA
65,-2.3798165137614675,3529302,Matão,35,SP
66,-2.3761467889908254,2102101,Brejo,21,MA
67,-2.3688073394495412,3105707,Barra Longa,31,MG
68,-2.3688073394495412,3523701,Itirapuã,35,SP
69,-2.36697247706422,3119203,Coroaci,31,MG
70,-2.365137614678899,3148301,Paula Cândido,31,MG
71,-2.361467889908257,2902708,Barra,29,BA
72,-2.3321100917431195,2208700,Redenção do Gurguéia,22,PI
73,-2.315596330275229,5205901,Corumbaíba,52,GO
74,-2.302752293577982,2930808,Souto Soares,29,BA
75,-2.300917431192661,2928109,Santa Maria da Vitória,29,BA
76,-2.2972477064220183,4107108,Diamante do Norte,41,PR
77,-2.2972477064220183,3552304,Sud Mennucci,35,SP
78,-2.295412844036697,1505106,Óbidos,15,PA
79,-2.2807339449541284,2904753,Buritirama,29,BA
80,-2.2807339449541284,3136801,Juramento,31,MG
81,-2.262385321100917,5211800,Jaraguá,52,GO
82,-2.262385321100917,3145877,Orizânia,31,MG
83,-2.258715596330275,3509700,Campos do Jordão,35,SP
84,-2.251376146788991,2101103,Axixá,21,MA
85,-2.251376146788991,2928406,Santa Rita de Cássia,29,BA
86,-2.234862385321101,3303906,Petrópolis,33,RJ
87,-2.21651376146789,2927002,Rio Real,29,BA
88,-2.212844036697248,2922003,Mucuri,29,BA
89,-2.2073394495412844,3537909,Pilar do Sul,35,SP
90,-2.1834862385321103,3532207,Narandiba,35,SP
91,-2.1761467889908257,2904050,Bonito,29,BA
92,-2.172477064220183,1302900,Maués,13,AM
93,-2.168807339449541,2909901,Curaçá,29,BA
94,-2.165137614678899,2905503,Caldeirão Grande,29,BA
95,-2.1559633027522938,4117271,Nova Tebas,41,PR
96,-2.1394495412844035,5221502,Turvânia,52,GO
97,-2.1174311926605505,3529005,Marília,35,SP
98,-2.113761467889908,5204805,Campo Alegre de Goiás,52,GO
99,-2.111926605504587,3130051,Icaraí de Minas,31,MG
100,-2.108256880733945,1505809,Portel,15,PA
101,-2.0954128440366975,2906808,Cansanção,29,BA
102,-2.086238532110092,2924058,Pé de Serra,29,BA
103,-2.077064220183486,3129608,Ibiaí,31,MG
104,-2.067889908256881,2805406,Poço Redondo,28,SE
105,-2.0623853211009173,2926103,Retirolândia,29,BA
106,-2.0587155963302752,2902005,Aracatu,29,BA
107,-2.0587155963302752,3520103,Igarapava,35,SP
108,-2.056880733944954,2921203,Miguel Calmon,29,BA
109,-2.0458715596330275,3520202,Igaratá,35,SP
110,-2.034862385321101,2106326,Maracaçumé,21,MA
111,-2.034862385321101,2926608,Ribeira do Pombal,29,BA
112,-2.0275229357798166,3510500,Caraguatatuba,35,SP
113,-2.014678899082569,2922300,Muritiba,29,BA
114,-1.9926605504587154,2905206,Caetité,29,BA
115,-1.981651376146789,3119500,Coronel Murta,31,MG
116,-1.9706422018348626,3145703,Oliveira Fortes,31,MG
117,-1.9651376146788988,1100296,Santa Luzia D'Oeste,11,RO
118,-1.9577981651376146,2911907,Iaçu,29,BA
119,-1.9467889908256883,2926509,Ribeira do Amparo,29,BA
120,-1.9376146788990822,2923001,Nova Viçosa,29,BA
121,-1.928440366972477,2928208,Santana,29,BA
122,-1.9238532110091744,3151800,Poços de Caldas,31,MG
123,-1.9174311926605507,2913804,Ipecaetá,29,BA
124,-1.9119266055045874,3121407,Desterro de Entre Rios,31,MG
125,-1.9064220183486236,3527504,Lucianópolis,35,SP
126,-1.8880733944954131,2923357,Ourolândia,29,BA
127,-1.8862385321100918,3500204,Adolfo,35,SP
128,-1.8844036697247708,1500404,Alenquer,15,PA
129,-1.878899082568807,2924405,Pilão Arcado,29,BA
130,-1.877064220183486,3527801,Lupércio,35,SP
131,-1.875229357798165,3508603,Cachoeira Paulista,35,SP
132,-1.875229357798165,3127354,Glaucilândia,31,MG
133,-1.8715596330275228,2911857,Heliópolis,29,BA
134,-1.8660550458715597,3301009,Campos dos Goytacazes,33,RJ
135,-1.8642201834862386,2917904,Jandaíra,29,BA
136,-1.8605504587155965,1303106,Nova Olinda do Norte,13,AM
137,-1.83302752293578,3548906,São Carlos,35,SP
138,-1.8238532110091745,2907806,Cícero Dantas,29,BA
139,-1.8183486238532107,2932457,Umburanas,29,BA
140,-1.8128440366972476,1302553,Manaquiri,13,AM
141,-1.8018348623853213,3301306,Casimiro de Abreu,33,RJ
142,-1.8000000000000003,2802007,Divina Pastora,28,SE
143,-1.8000000000000003,2930154,Serra do Ramalho,29,BA
144,-1.798165137614679,2910750,Fátima,29,BA
145,-1.796330275229358,2931509,Teofilândia,29,BA
146,-1.794495412844037,1703107,Barrolândia,17,TO
147,-1.794495412844037,2110039,Santa Luzia do Paruá,21,MA
148,-1.788990825688073,2701506,Campo Grande,27,AL
149,-1.787155963302752,5101902,Brasnorte,51,MT
150,-1.78348623853211,3126208,Formoso,31,MG
151,-1.7798165137614679,3120870,Curral de Dentro,31,MG
152,-1.773394495412844,1501808,Breves,15,PA
153,-1.7559633027522934,2903508,Belo Campo,29,BA
154,-1.7449541284403671,5220504,Serranópolis,52,GO
155,-1.7357798165137617,1400472,Rorainópolis,14,RR
156,-1.7357798165137617,1508159,Uruará,15,PA
157,-1.7339449541284406,3108602,Brasília de Minas,31,MG
158,-1.7192660550458716,3509809,Campos Novos Paulista,35,SP
159,-1.712844036697248,3118601,Contagem,31,MG
160,-1.703669724770642,3152501,Pouso Alegre,31,MG
161,-1.6990825688073392,1100320,São Miguel do Guaporé,11,RO
162,-1.6972477064220182,2933604,Xique-Xique,29,BA
163,-1.686238532110092,2102325,Buriticupu,21,MA
164,-1.6825688073394498,3101706,Almenara,31,MG
165,-1.6807339449541285,3506003,Bauru,35,SP
166,-1.6660550458715595,2901007,Amargosa,29,BA
167,-1.6568807339449543,3168002,Taiobeiras,31,MG
168,-1.644036697247706,3526506,Lavínia,35,SP
169,-1.6293577981651377,1301308,Codajás,13,AM
170,-1.6275229357798167,3543402,Ribeirão Preto,35,SP
171,-1.6220183486238533,5102850,Castanheira,51,MT
172,-1.6110091743119264,3554201,Tejupá,35,SP
173,-1.6091743119266053,3538303,Piquerobi,35,SP
174,-1.6091743119266053,2112704,Vargem Grande,21,MA
175,-1.6064220183486237,2910800,Feira de Santana,29,BA
176,-1.5853211009174308,2904308,Brejões,29,BA
177,-1.5798165137614677,3539509,Pitangueiras,35,SP
178,-1.5706422018348625,2903235,Barro Alto,29,BA
179,-1.5669724770642204,2909307,Correntina,29,BA
180,-1.563302752293578,3517307,Guaimbê,35,SP
181,-1.5559633027522932,2906709,Cândido Sales,29,BA
182,-1.5541284403669722,5106182,Nova Lacerda,51,MT
183,-1.548623853211009,2926202,Riachão das Neves,29,BA
184,-1.5412844036697249,2908408,Conceição do Coité,29,BA
185,-1.5412844036697249,2706109,Ouro Branco,27,AL
186,-1.5394495412844038,1721000,Palmas,17,TO
187,-1.5376146788990828,2923209,Oliveira dos Brejinhos,29,BA
188,-1.5321100917431194,1502954,Eldorado do Carajás,15,PA
189,-1.5229357798165135,3303401,Nova Friburgo,33,RJ
190,-1.5211009174311925,3134707,Jacinto,31,MG
191,-1.5155963302752293,3544608,Sabino,35,SP
192,-1.5100917431192662,2930204,Sento Sé,29,BA
193,-1.5009174311926607,2933059,Várzea da Roça,29,BA
194,-1.5000000000000002,2112209,Timon,21,MA
195,-1.493577981651376,2919801,Macaúbas,29,BA
196,-1.493577981651376,3304524,Rio das Ostras,33,RJ
197,-1.4899082568807338,5001243,Aral Moreira,50,MS
198,-1.4899082568807338,1301654,Guajará,13,AM
199,-1.4623853211009172,5101704,Barra do Bugres,51,MT
200,-1.4587155963302751,3138682,Luislândia,31,MG
201,-1.4440366972477066,2929909,Seabra,29,BA
202,-1.4403669724770645,3301876,Iguaba Grande,33,RJ
203,-1.439449541284404,1303403,Parintins,13,AM
204,-1.432110091743119,2933307,Vitória da Conquista,29,BA
205,-1.430275229357798,2924009,Paulo Afonso,29,BA
206,-1.4082568807339448,2903201,Barreiras,29,BA
207,-1.407339449541284,3540101,Pongaí,35,SP
208,-1.401834862385321,3108255,Bonito de Minas,31,MG
209,-1.4,1300102,Anori,13,AM
210,-1.3981651376146789,3515350,Euclides da Cunha Paulista,35,SP
211,-1.3926605504587157,3135050,Jaíba,31,MG
212,-1.3871559633027524,3520400,Ilhabela,35,SP
213,-1.3862385321100916,3106705,Betim,31,MG
214,-1.3798165137614675,2930600,Serrolândia,29,BA
215,-1.3779816513761465,3527207,Lorena,35,SP
216,-1.3743119266055044,2206357,Milton Brandão,22,PI
217,-1.3724770642201833,3509601,Campo Limpo Paulista,35,SP
218,-1.3669724770642202,3304300,Rio Bonito,33,RJ
219,-1.3669724770642202,2932507,Una,29,BA
220,-1.3633027522935781,3137007,Ladainha,31,MG
221,-1.3376146788990826,2930766,Sítio do Quinto,29,BA
222,-1.3376146788990826,4127882,Tunas do Paraná,41,PR
223,-1.322935779816514,3147956,Patis,31,MG
224,-1.3211009174311923,2907103,Carinhanha,29,BA
225,-1.3211009174311923,3116159,Chapada Gaúcha,31,MG
226,-1.3211009174311923,4207684,Ipuaçu,42,SC
227,-1.313761467889908,3540200,Pontal,35,SP
228,-1.310091743119266,2921906,Mucugê,29,BA
229,-1.2972477064220185,2922656,Nordestina,29,BA
230,-1.2899082568807336,2105005,Humberto de Campos,21,MA
231,-1.2825688073394494,1100106,Guajará-Mirim,11,RO
232,-1.2642201834862388,3505500,Barretos,35,SP
233,-1.256880733944954,3543600,Rifaina,35,SP
234,-1.256880733944954,3549805,São José do Rio Preto,35,SP
235,-1.2458715596330276,3553658,Taquaral,35,SP
236,-1.2330275229357794,3531100,Mongaguá,35,SP
237,-1.2256880733944953,2202505,Caracol,22,PI
238,-1.2229357798165137,1504422,Marituba,15,PA
239,-1.21651376146789,3144300,Nanuque,31,MG
240,-1.214678899082569,3551702,Sertãozinho,35,SP
241,-1.2073394495412846,2931004,Tanhaçu,29,BA
242,-1.2018348623853208,3131802,Itabirinha,31,MG
243,-1.1981651376146787,3519303,Ibaté,35,SP
244,-1.1853211009174314,2918100,Jeremoabo,29,BA
245,-1.1834862385321103,2102002,Bom Jardim,21,MA
246,-1.1834862385321103,3543238,Ribeirão dos Índios,35,SP
247,-1.181651376146789,3305000,São João da Barra,33,RJ
248,-1.177981651376147,2913705,Inhambupe,29,BA
249,-1.176146788990826,3135357,Japonvar,31,MG
250,-1.168807339449541,3501400,Álvaro de Carvalho,35,SP
251,-1.163302752293578,5215504,Ouvidor,52,GO
252,-1.1596330275229358,3532405,Nazaré Paulista,35,SP
253,-1.1495412844036696,3106200,Belo Horizonte,31,MG
254,-1.1394495412844035,3550506,São Pedro do Turvo,35,SP
255,-1.1357798165137614,2902104,Araci,29,BA
256,-1.1293577981651377,1502103,Cametá,15,PA
257,-1.124770642201835,1100148,Nova Brasilândia D'Oeste,11,RO
258,-1.1174311926605507,3130655,Indaiabira,31,MG
259,-1.1174311926605507,3522406,Itapeva,35,SP
260,-1.115596330275229,3519204,Iacri,35,SP
261,-1.113761467889908,3300100,Angra dos Reis,33,RJ
262,-1.113761467889908,1505486,Pacajá,15,PA
263,-1.1119266055045869,3301504,Cordeiro,33,RJ
264,-1.1119266055045869,2917003,Itiúba,29,BA
265,-1.1119266055045869,2918506,Jussara,29,BA
266,-1.1082568807339448,2923704,Paratinga,29,BA
267,-1.1027522935779817,2103505,Colinas,21,MA
268,-1.1009174311926606,3532058,Motuca,35,SP
269,-1.0935779816513762,1100155,Ouro Preto do Oeste,11,RO
270,-1.0807339449541282,2919504,Livramento de Nossa Senhora,29,BA
271,-1.0770642201834861,3135209,Januária,31,MG
272,-1.075229357798165,3533304,Nova Luzitânia,35,SP
273,-1.0724770642201835,2103307,Codó,21,MA
274,-1.067889908256881,2110500,São Bento,21,MA
275,-1.0642201834862386,3111150,Campo Azul,31,MG
276,-1.0642201834862386,3515301,Estrela do Norte,35,SP
277,-1.0623853211009175,3529609,Meridiano,35,SP
278,-1.061467889908257,1503606,Itaituba,15,PA
279,-1.0587155963302755,3505609,Barrinha,35,SP
280,-1.0385321100917433,2921500,Monte Santo,29,BA
281,-1.036697247706422,3513108,Cravinhos,35,SP
282,-1.03302752293578,3545001,Salesópolis,35,SP
283,-1.0256880733944953,2207603,Parnaguá,22,PI
284,-1.0256880733944953,3540606,Porto Feliz,35,SP
285,-1.0229357798165137,3143302,Montes Claros,31,MG
286,-1.022018348623853,3501806,Américo de Campos,35,SP
287,-1.022018348623853,3556305,Valparaíso,35,SP
288,-1.020183486238532,3525607,João Ramalho,35,SP
289,-1.018348623853211,3546801,Santa Isabel,35,SP
290,-1.0146788990825688,3521150,Ipiguá,35,SP
291,-1.0128440366972478,2911105,Formosa do Rio Preto,29,BA
292,-1.0110091743119267,2112308,Tuntum,21,MA
293,-1.0000000000000002,1507201,São Domingos do Capim,15,PA
294,-0.9944954128440366,5219753,Santo Antônio do Descoberto,52,GO
295,-0.9743119266055047,3112307,Capelinha,31,MG
296,-0.9743119266055047,1200336,Mâncio Lima,12,AC
297,-0.9688073394495411,3300233,Armação dos Búzios,33,RJ
298,-0.9678899082568806,2918407,Juazeiro,29,BA
299,-0.9596330275229357,2901908,Aporá,29,BA
300,-0.9559633027522936,3516705,Garça,35,SP
301,-0.9559633027522936,2926004,Remanso,29,BA
302,-0.9559633027522936,2615201,Terra Nova,26,PE
303,-0.9467889908256881,5206206,Cristalina,52,GO
304,-0.9467889908256881,1101708,Urupá,11,RO
305,-0.941284403669725,3518305,Guararema,35,SP
306,-0.941284403669725,2310605,Penaforte,23,CE
307,-0.9339449541284401,3506508,Birigui,35,SP
308,-0.9321100917431191,3305208,São Pedro da Aldeia,33,RJ
309,-0.9311926605504586,2105302,Imperatriz,21,MA
310,-0.9174311926605505,5212501,Luziânia,52,GO
311,-0.9137614678899084,3528700,Marabá Paulista,35,SP
312,-0.9119266055045872,4125407,São José da Boa Vista,41,PR
313,-0.9110091743119269,1501709,Bragança,15,PA
314,-0.8990825688073394,3525300,Jaú,35,SP
315,-0.8954128440366973,5212709,Mambaí,52,GO
316,-0.8935779816513763,3551504,Serrana,35,SP
317,-0.8899082568807339,2616183,Vertente do Lério,26,PE
318,-0.8844036697247706,2515906,Serraria,25,PB
319,-0.8770642201834864,5210000,Inhumas,52,GO
320,-0.8688073394495412,2930709,Simões Filho,29,BA
321,-0.8651376146788992,2913606,Ilhéus,29,BA
322,-0.8623853211009176,3518404,Guaratinguetá,35,SP
323,-0.8605504587155963,3509106,Caiuá,35,SP
324,-0.8587155963302753,5211305,Itarumã,52,GO
325,-0.8559633027522937,2905701,Camaçari,29,BA
326,-0.8513761467889909,3508900,Caiabu,35,SP
327,-0.8513761467889909,4119657,Pitangueiras,41,PR
328,-0.8477064220183488,2915809,Itambé,29,BA
329,-0.8467889908256878,1505536,Parauapebas,15,PA
330,-0.8403669724770642,1503457,Ipixuna do Pará,15,PA
331,-0.8339449541284405,1500107,Abaetetuba,15,PA
332,-0.8293577981651377,3553807,Taquarituba,35,SP
333,-0.8256880733944953,5207907,Flores de Goiás,52,GO
334,-0.8192660550458715,3167202,Sete Lagoas,31,MG
335,-0.8183486238532112,2901403,Angical,29,BA
336,-0.8146788990825689,2920106,Mairi,29,BA
337,-0.8146788990825689,3532801,Nova Aliança,35,SP
338,-0.8110091743119265,3512308,Conchas,35,SP
339,-0.8073394495412844,3302205,Itaperuna,33,RJ
340,-0.8027522935779816,2918001,Jequié,29,BA
341,-0.8,1503093,Goianésia do Pará,15,PA
342,-0.7798165137614679,3300803,Cachoeiras de Macacu,33,RJ
343,-0.7798165137614679,3121605,Diamantina,31,MG
344,-0.7743119266055047,3507308,Boracéia,35,SP
345,-0.761467889908257,3500600,Águas de São Pedro,35,SP
346,-0.7477064220183487,2900702,Alagoinhas,29,BA
347,-0.7467889908256882,3518206,Guararapes,35,SP
348,-0.7458715596330276,3136702,Juiz de Fora,31,MG
349,-0.7449541284403671,3304755,São Francisco de Itabapoana,33,RJ
350,-0.7422018348623853,1302603,Manaus,13,AM
351,-0.7412844036697248,2311207,Potengi,23,CE
352,-0.728440366972477,2933455,Wanderley,29,BA
353,-0.7174311926605506,3138658,Lontra,31,MG
354,-0.7137614678899082,3161106,São Francisco,31,MG
355,-0.7064220183486238,5221601,Uruaçu,52,GO
356,-0.7045871559633028,3537602,Peruíbe,35,SP
357,-0.6990825688073394,3302908,Miguel Pereira,33,RJ
358,-0.6917431192660553,4126272,Saudade do Iguaçu,41,PR
359,-0.689908256880734,3550605,São Roque,35,SP
360,-0.689908256880734,2807105,Simão Dias,28,SE
361,-0.6862385321100919,3511409,Cerqueira César,35,SP
362,-0.6752293577981652,3519055,Holambra,35,SP
363,-0.6752293577981652,2803005,Itabaianinha,28,SE
364,-0.6752293577981652,3534005,Onda Verde,35,SP
365,-0.6752293577981652,3550704,São Sebastião,35,SP
366,-0.6743119266055049,1506807,Santarém,15,PA
367,-0.6678899082568808,3501509,Alvinlândia,35,SP
368,-0.6660550458715595,3170107,Uberaba,31,MG
369,-0.6642201834862385,3124302,Espinosa,31,MG
370,-0.6642201834862385,3555000,Tupã,35,SP
371,-0.6614678899082569,3154606,Ribeirão das Neves,31,MG
372,-0.6605504587155964,3125606,Felisburgo,31,MG
373,-0.6513761467889909,4206108,Grão Pará,42,SC
374,-0.6513761467889907,2203008,Cristalândia do Piauí,22,PI
375,-0.6385321100917432,3512506,Coroados,35,SP
376,-0.6348623853211008,3143450,Montezuma,31,MG
377,-0.6266055045871559,3171204,Vespasiano,31,MG
378,-0.6247706422018349,3157807,Santa Luzia,31,MG
379,-0.6091743119266055,3522109,Itanhaém,35,SP
380,-0.6073394495412845,4128807,Xambrê,41,PR
381,-0.6073394495412843,3547007,Santa Maria da Serra,35,SP
382,-0.6055045871559632,3305703,Sumidouro,33,RJ
383,-0.6018348623853211,3548302,Santo Expedito,35,SP
384,-0.5944954128440367,3554508,Tietê,35,SP
385,-0.5926605504587155,3152204,Porteirinha,31,MG
386,-0.5917431192660549,3300209,Araruama,33,RJ
387,-0.5908256880733944,5214606,Niquelândia,52,GO
388,-0.5853211009174313,3554300,Teodoro Sampaio,35,SP
389,-0.581651376146789,3555406,Ubatuba,35,SP
390,-0.5706422018348625,1702109,Araguaína,17,TO
391,-0.5688073394495414,3519709,Ibiúna,35,SP
392,-0.5688073394495414,3542206,Rancharia,35,SP
393,-0.5633027522935781,4103206,Bom Sucesso,41,PR
394,-0.5633027522935778,2900207,Abaré,29,BA
395,-0.5623853211009175,2111300,São Luís,21,MA
396,-0.5614678899082568,3546009,Santa Branca,35,SP
397,-0.546788990825688,3523206,Itararé,35,SP
398,-0.5431192660550459,3532306,Natividade da Serra,35,SP
399,-0.5431192660550459,1100189,Pimenta Bueno,11,RO
400,-0.5339449541284402,3508801,Cafelândia,35,SP
401,-0.5211009174311927,5208608,Goianésia,52,GO
402,-0.5155963302752293,2109452,Raposa,21,MA
403,-0.5137614678899083,5200258,Águas Lindas de Goiás,52,GO
404,-0.4990825688073395,3546603,Santa Fé do Sul,35,SP
405,-0.4954128440366974,3505203,Bariri,35,SP
406,-0.4935779816513761,4119608,Pitanga,41,PR
407,-0.48807339449541276,5221858,Valparaíso de Goiás,52,GO
408,-0.4862385321100917,1100122,Ji-Paraná,11,RO
409,-0.475229357798165,2306306,Itapajé,23,CE
410,-0.46972477064220186,2312205,Santa Quitéria,23,CE
411,-0.46972477064220164,4125308,São Jorge do Ivaí,41,PR
412,-0.46238532110091746,3129657,Ibiracatu,31,MG
413,-0.4568807339449541,5208301,Divinópolis de Goiás,52,GO
414,-0.4568807339449541,3530300,Mirassol,35,SP
415,-0.45137614678899096,3520707,Indiaporã,35,SP
416,-0.4495412844036697,3502606,Aparecida d'Oeste,35,SP
417,-0.4495412844036697,2902500,Baianópolis,29,BA
418,-0.44036697247706424,3517109,Glicério,35,SP
419,-0.43302752293577984,2909703,Cristópolis,29,BA
420,-0.42568807339449544,3136306,João Pinheiro,31,MG
421,-0.4238532110091744,3555901,Uru,35,SP
422,-0.42201834862385335,3300308,Barra do Piraí,33,RJ
423,-0.42201834862385335,5208707,Goiânia,52,GO
424,-0.41651376146789,4108700,Grandes Rios,41,PR
425,-0.4100917431192663,3168606,Teófilo Otoni,31,MG
426,-0.4036697247706422,5219308,Santa Helena de Goiás,52,GO
427,-0.3963302752293578,3127388,Goianá,31,MG
428,-0.38348623853211006,3540259,Pontalinda,35,SP
429,-0.381651376146789,2927705,Santa Cruz Cabrália,29,BA
430,-0.37339449541284386,1504208,Marabá,15,PA
431,-0.3715596330275228,2925303,Porto Seguro,29,BA
432,-0.3660550458715597,2107506,Paço do Lumiar,21,MA
433,-0.3596330275229358,3305604,Silva Jardim,33,RJ
434,-0.3587155963302753,3129806,Ibirité,31,MG
435,-0.3559633027522935,3512605,Coronel Macedo,35,SP
436,-0.35137614678899065,3170701,Varginha,31,MG
437,-0.35045871559633035,3523909,Itu,35,SP
438,-0.35045871559633035,3533908,Olímpia,35,SP
439,-0.33577981651376154,3509452,Campina do Monte Alegre,35,SP
440,-0.33211009174311923,3504701,Balbinos,35,SP
441,-0.3174311926605504,3144656,Ninheira,31,MG
442,-0.3155963302752294,2920205,Malhada,29,BA
443,-0.31192660550458706,3539202,Pirapozinho,35,SP
444,-0.310091743119266,3551603,Serra Negra,35,SP
445,-0.29724770642201825,3509007,Caieiras,35,SP
446,-0.29724770642201825,3301850,Guapimirim,33,RJ
447,-0.2917431192660551,3511607,Cesário Lange,35,SP
448,-0.28990825688073407,3537701,Piacatu,35,SP
449,-0.2844036697247705,3535705,Paraíso,35,SP
450,-0.2770642201834863,3531308,Monte Alto,35,SP
451,-0.273394495412844,2512804,Riacho dos Cavalos,25,PB
452,-0.2697247706422017,3510203,Capão Bonito,35,SP
453,-0.2697247706422017,3533700,Ocauçu,35,SP
454,-0.26788990825688064,3305802,Teresópolis,33,RJ
455,-0.2669724770642201,3302700,Maricá,33,RJ
456,-0.26422018348623855,3501608,Americana,35,SP
457,-0.2623853211009175,2511608,Pilões,25,PB
458,-0.25688073394495414,3534500,Oscar Bressane,35,SP
459,-0.25688073394495414,1101500,Seringueiras,11,RO
460,-0.24954128440366974,5007505,Rochedo,50,MS
461,-0.24220183486238533,5200175,Água Fria de Goiás,52,GO
462,-0.24220183486238533,3543204,Ribeirão do Sul,35,SP
463,-0.24220183486238533,2931806,Tremedal,29,BA
464,-0.23853211009174302,1101005,Governador Jorge Teixeira,11,RO
465,-0.22935779816513757,3500303,Aguaí,35,SP
466,-0.22935779816513757,3531506,Monte Azul Paulista,35,SP
467,-0.2238532110091742,1101203,Ministro Andreazza,11,RO
468,-0.22018348623853212,3528502,Mairiporã,35,SP
469,-0.22018348623853212,3557006,Votorantim,35,SP
470,-0.21834862385321108,3536703,Pederneiras,35,SP
471,-0.21467889908256876,3524006,Itupeva,35,SP
472,-0.2091743119266054,3506102,Bebedouro,35,SP
473,-0.20733944954128436,3520608,Indiana,35,SP
474,-0.204587155963303,1502400,Castanhal,15,PA
475,-0.20366972477064227,3302106,Itaocara,33,RJ
476,-0.20183486238532122,3540408,Populina,35,SP
477,-0.19999999999999996,3527702,Luiziânia,35,SP
478,-0.18807339449541294,2804805,Nossa Senhora do Socorro,28,SE
479,-0.1834862385321101,3534609,Osvaldo Cruz,35,SP
480,-0.17798165137614674,3170404,Unaí,31,MG
481,-0.17064220183486234,2402105,Campo Redondo,24,RN
482,-0.1614678899082569,5105234,Lambari D'Oeste,51,MT
483,-0.14862385321100913,3110806,Campanário,31,MG
484,-0.14862385321100913,3302254,Itatiaia,33,RJ
485,-0.14495412844036704,3511508,Cerquilho,35,SP
486,-0.143119266055046,1100452,Buritis,11,RO
487,-0.14036697247706398,2931350,Teixeira de Freitas,29,BA
488,-0.13944954128440368,3113305,Carangola,31,MG
489,-0.1082568807339448,3550209,São Miguel Arcanjo,35,SP
490,-0.10642201834862375,3304003,Piraí,33,RJ
491,-0.09724770642201852,5104559,Itaúba,51,MT
492,-0.09357798165137599,3129103,Gurinhatã,31,MG
493,-0.09174311926605494,3541307,Presidente Epitácio,35,SP
494,-0.08440366972477076,3305158,São José do Vale do Rio Preto,33,RJ
495,-0.08256880733944971,3500105,Adamantina,35,SP
496,-0.08256880733944971,2606002,Garanhuns,26,PE
497,-0.08256880733944971,3525904,Jundiaí,35,SP
498,-0.08256880733944971,1100205,Porto Velho,11,RO
499,-0.08256880733944971,3554904,Três Fronteiras,35,SP
500,-0.08256880733944971,5221403,Trindade,52,GO
501,-0.07889908256880718,3500709,Agudos,35,SP
502,-0.07889908256880718,3513405,Cruzeiro,35,SP
503,-0.07522935779816509,2902906,Barra do Choça,29,BA
504,-0.07431192660550456,1400100,Boa Vista,14,RR
505,-0.071559633027523,3519071,Hortolândia,35,SP
506,-0.06972477064220195,3170800,Várzea da Palma,31,MG
507,-0.06422018348623837,3538907,Pirajuí,35,SP
508,-0.062385321100917324,4321329,Taquaruçu do Sul,43,RS
509,-0.05871559633027523,3534104,Oriente,35,SP
510,-0.053211009174312096,2921708,Morro do Chapéu,29,BA
511,-0.05137614678899083,3533502,Novo Horizonte,35,SP
512,-0.04954128440366956,3302502,Magé,33,RJ
513,-0.047706422018348515,3518602,Guariba,35,SP
514,-0.04587155963302747,2310902,Piquet Carneiro,23,CE
515,-0.04587155963302747,5218805,Rio Verde,52,GO
516,-0.044036697247706424,3306305,Volta Redonda,33,RJ
517,-0.04036697247706433,3304201,Resende,33,RJ
518,-0.03853211009174329,1200500,Sena Madureira,12,AC
519,-0.03302752293577971,3535903,Paranapuã,35,SP
520,-0.019266055045871422,2919207,Lauro de Freitas,29,BA
521,-0.0183486238532109,2920601,Maragogipe,29,BA
522,-0.011009174311926717,3507001,Boituva,35,SP
523,-0.003669724770642091,3536570,Paulistânia,35,SP
524,0.007339449541284404,3550100,São Manuel,35,SP
525,0.009174311926605672,3504602,Bady Bassitt,35,SP
526,0.0183486238532109,3534708,Ourinhos,35,SP
527,0.02752293577981657,3303609,Paracambi,33,RJ
528,0.03669724770642202,2928505,Santa Teresinha,29,BA
529,0.04036697247706433,5209101,Goiatuba,52,GO
530,0.04220183486238538,2615102,Terezinha,26,PE
531,0.04587155963302747,3501152,Alumínio,35,SP
532,0.04587155963302747,5003702,Dourados,50,MS
533,0.05688073394495419,2616407,Vitória de Santo Antão,26,PE
534,0.06055045871559628,3303807,Paraty,33,RJ
535,0.062385321100917324,5213509,Monte Alegre de Goiás,52,GO
536,0.06513761467889911,3131703,Itabira,31,MG
537,0.06605504587155964,3509205,Cajamar,35,SP
538,0.07706422018348613,3538709,Piracicaba,35,SP
539,0.08256880733944971,3502903,Araçoiaba da Serra,35,SP
540,0.08440366972477076,3510153,Canitar,35,SP
541,0.08440366972477076,3112901,Caputira,31,MG
542,0.08807339449541285,3506607,Biritiba-Mirim,35,SP
543,0.08807339449541285,3134004,Itinga,31,MG
544,0.09174311926605494,2600500,Águas Belas,26,PE
545,0.09357798165137599,2608800,Lajedo,26,PE
546,0.09541284403669725,5105150,Juína,51,MT
547,0.09908256880733957,3545704,Santa Albertina,35,SP
548,0.10091743119266061,3524709,Jaguariúna,35,SP
549,0.1045871559633027,5107909,Sinop,51,MT
550,0.1082568807339448,3507704,Braúna,35,SP
551,0.10917431192660532,2103000,Caxias,21,MA
552,0.11651376146789016,1500800,Ananindeua,15,PA
553,0.11926605504587151,3554805,Tremembé,35,SP
554,0.13027522935779823,4208203,Itajaí,42,SC
555,0.15045871559633017,3170206,Uberlândia,31,MG
556,0.15596330275229353,1300631,Beruri,13,AM
557,0.15596330275229353,3155405,Rio Novo,31,MG
558,0.1577981651376148,3533254,Novais,35,SP
559,0.16330275229357794,2203354,Dirceu Arcoverde,22,PI
560,0.16330275229357794,2807204,Siriri,28,SE
561,0.1688073394495413,3553708,Taquaritinga,35,SP
562,0.17155963302752308,3300258,Arraial do Cabo,33,RJ
563,0.17431192660550465,3556503,Várzea Paulista,35,SP
564,0.1761467889908257,2308104,Mauriti,23,CE
565,0.17798165137614674,3507605,Bragança Paulista,35,SP
566,0.1798165137614678,3545506,Sandovalina,35,SP
567,0.18807339449541294,2927408,Salvador,29,BA
568,0.1908256880733945,3524402,Jacareí,35,SP
569,0.1908256880733945,1200344,Manoel Urbano,12,AC
570,0.1908256880733945,3545209,Salto,35,SP
571,0.19174311926605503,2800308,Aracaju,28,SE
572,0.19266055045871555,3529906,Miracatu,35,SP
573,0.2091743119266054,3301207,Carmo,33,RJ
574,0.2091743119266054,3148004,Patos de Minas,31,MG
575,0.21284403669724772,2909406,Cotegipe,29,BA
576,0.22752293577981653,3503109,Arandu,35,SP
577,0.2513761467889908,3549953,São Lourenço da Serra,35,SP
578,0.25688073394495414,3115706,Central de Minas,31,MG
579,0.2623853211009175,3512407,Cordeirópolis,35,SP
580,0.2660550458715596,3504107,Atibaia,35,SP
581,0.26788990825688064,4214805,Rio do Sul,42,SC
582,0.2697247706422017,2900355,Adustina,29,BA
583,0.2697247706422017,3552205,Sorocaba,35,SP
584,0.27522935779816526,3525706,José Bonifácio,35,SP
585,0.28990825688073407,3515657,Fernão,35,SP
586,0.2917431192660551,4313466,Novo Xingu,43,RS
587,0.2917431192660551,5107602,Rondonópolis,51,MT
588,0.2990825688073393,3540002,Pompéia,35,SP
589,0.30091743119266057,3553609,Tapiratiba,35,SP
590,0.3027522935779816,3128600,Guarda-Mor,31,MG
591,0.3027522935779816,2612802,Santa Terezinha,26,PE
592,0.3045871559633029,3515103,Embu-Guaçu,35,SP
593,0.31192660550458706,3303104,Natividade,33,RJ
594,0.3137614678899081,3537503,Pereiras,35,SP
595,0.31467889908256885,3302403,Macaé,33,RJ
596,0.3155963302752294,3541059,Pratânia,35,SP
597,0.32110091743119273,3131109,Inimutaba,31,MG
598,0.3229357798165138,3523602,Itirapina,35,SP
599,0.3247706422018348,3543907,Rio Claro,35,SP
600,0.32660550458715587,3539103,Pirapora do Bom Jesus,35,SP
601,0.3284403669724769,3538600,Piracaia,35,SP
602,0.3302752293577982,3502804,Araçatuba,35,SP
603,0.3302752293577982,3512704,Corumbataí,35,SP
604,0.33211009174311923,2602902,Cabo de Santo Agostinho,26,PE
605,0.3339449541284405,3502754,Araçariguama,35,SP
606,0.3339449541284405,3556701,Vinhedo,35,SP
607,0.3412844036697247,3539806,Poá,35,SP
608,0.35779816513761453,3526803,Lençóis Paulista,35,SP
609,0.3587155963302753,3127701,Governador Valadares,31,MG
610,0.3596330275229358,1500859,Anapu,15,PA
611,0.3605504587155963,3156700,Sabará,31,MG
612,0.36513761467889916,5201405,Aparecida de Goiânia,52,GO
613,0.37614678899082565,3536505,Paulínia,35,SP
614,0.3779816513761469,2602001,Bodocó,26,PE
615,0.3779816513761469,3510302,Capela do Alto,35,SP
616,0.37981651376146797,1200203,Cruzeiro do Sul,12,AC
617,0.38348623853211006,3526902,Limeira,35,SP
618,0.3944954128440368,3520509,Indaiatuba,35,SP
619,0.3954128440366973,2111201,São José de Ribamar,21,MA
620,0.3999999999999999,3539301,Pirassununga,35,SP
621,0.40733944954128454,2207702,Parnaíba,22,PI
622,0.4128440366972477,4113809,Lupionópolis,41,PR
623,0.4146788990825687,3503901,Arujá,35,SP
624,0.41651376146788976,2606903,Iguaracy,26,PE
625,0.42201834862385335,3514908,Elias Fausto,35,SP
626,0.4238532110091744,3538006,Pindamonhangaba,35,SP
627,0.4238532110091744,3304805,São Fidélis,33,RJ
628,0.42568807339449544,2600104,Afogados da Ingazeira,26,PE
629,0.4275229357798165,2605103,Custódia,26,PE
630,0.4293577981651375,2923050,Novo Triunfo,29,BA
631,0.4348623853211009,3300506,Bom Jardim,33,RJ
632,0.43669724770642215,3521200,Iporanga,35,SP
633,0.44036697247706424,3555505,Ubirajara,35,SP
634,0.4422018348623853,3103405,Araçuaí,31,MG
635,0.4422018348623853,3102704,Cachoeira de Pajeú,31,MG
636,0.44403669724770634,3500808,Alfredo Marcondes,35,SP
637,0.453211009174312,3538204,Pinhalzinho,35,SP
638,0.46605504587155977,3501004,Altinópolis,35,SP
639,0.47706422018348627,3115805,Centralina,31,MG
640,0.47706422018348627,3123528,Durandé,31,MG
641,0.4825688073394496,2903706,Boa Nova,29,BA
642,0.5009174311926605,2602803,Buíque,26,PE
643,0.5082568807339449,3113503,Carbonita,31,MG
644,0.5137614678899083,5002704,Campo Grande,50,MS
645,0.5137614678899083,3521408,Iracemápolis,35,SP
646,0.5192660550458714,2607901,Jaboatão dos Guararapes,26,PE
647,0.5211009174311927,4311155,Jóia,43,RS
648,0.522018348623853,1600303,Macapá,16,AP
649,0.524770642201835,3503208,Araraquara,35,SP
650,0.524770642201835,5218508,Quirinópolis,52,GO
651,0.5284403669724771,3502408,Anhumas,35,SP
652,0.5284403669724771,4119152,Pinhais,41,PR
653,0.5302752293577981,3130309,Iguatama,31,MG
654,0.5357798165137615,3507506,Botucatu,35,SP
655,0.5376146788990825,3527306,Louveira,35,SP
656,0.5376146788990825,3552403,Sumaré,35,SP
657,0.5403669724770643,3147907,Passos,31,MG
658,0.546788990825688,3501707,Américo Brasiliense,35,SP
659,0.548623853211009,2920502,Maracás,29,BA
660,0.5541284403669726,3507456,Borebi,35,SP
661,0.5559633027522937,3545159,Saltinho,35,SP
662,0.5688073394495414,3554102,Taubaté,35,SP
663,0.5706422018348625,3508306,Cabrália Paulista,35,SP
664,0.5779816513761467,5003108,Corguinho,50,MS
665,0.5798165137614679,3301405,Conceição de Macabu,33,RJ
666,0.581651376146789,1200609,Tarauacá,12,AC
667,0.581651376146789,3554003,Tatuí,35,SP
668,0.5834862385321102,1500347,Água Azul do Norte,15,PA
669,0.5834862385321102,3506359,Bertioga,35,SP
670,0.5889908256880734,3533403,Nova Odessa,35,SP
671,0.5926605504587155,3502309,Anhembi,35,SP
672,0.5944954128440367,3543253,Ribeirão Grande,35,SP
673,0.5963302752293578,1101302,Mirante da Serra,11,RO
674,0.598165137614679,3142700,Montalvânia,31,MG
675,0.6036697247706422,2305001,Guaraciaba do Norte,23,CE
676,0.6091743119266055,4202008,Balneário Camboriú,42,SC
677,0.6091743119266055,3514007,Dobrada,35,SP
678,0.6091743119266055,4306767,Eldorado do Sul,43,RS
679,0.6091743119266055,3543105,Ribeirão Corrente,35,SP
680,0.6110091743119266,3546207,Santa Cruz da Conceição,35,SP
681,0.618348623853211,3302809,Mendes,33,RJ
682,0.620183486238532,3300936,Carapebus,33,RJ
683,0.6220183486238531,3513702,Descalvado,35,SP
684,0.6220183486238531,3556404,Vargem Grande do Sul,35,SP
685,0.6238532110091743,3528403,Mairinque,35,SP
686,0.6256880733944954,3507100,Bom Jesus dos Perdões,35,SP
687,0.6256880733944954,3524303,Jaboticabal,35,SP
688,0.6348623853211008,3508504,Caçapava,35,SP
689,0.6385321100917432,3110004,Caeté,31,MG
690,0.6458715596330276,2303709,Caucaia,23,CE
691,0.6477064220183486,3101508,Além Paraíba,31,MG
692,0.6477064220183486,4305371,Charrua,43,RS
693,0.6495412844036696,3525201,Jarinu,35,SP
694,0.6513761467889907,3512803,Cosmópolis,35,SP
695,0.6513761467889907,3526407,Laranjal Paulista,35,SP
696,0.653211009174312,3556354,Vargem,35,SP
697,0.655045871559633,4111803,Jacarezinho,41,PR
698,0.6587155963302753,5104104,Guarantã do Norte,51,MT
699,0.6770642201834862,3556206,Valinhos,35,SP
700,0.6880733944954129,4215000,Rio Negrinho,42,SC
701,0.689908256880734,5210208,Iporá,52,GO
702,0.6954128440366971,2306900,Jaguaribe,23,CE
703,0.6990825688073394,3300605,Bom Jesus do Itabapoana,33,RJ
704,0.7009174311926607,4104808,Cascavel,41,PR
705,0.7009174311926607,3541604,Promissão,35,SP
706,0.7027522935779817,2508000,Juru,25,PB
707,0.7064220183486238,2201101,Avelino Lopes,22,PI
708,0.7082568807339449,3116209,Chiador,31,MG
709,0.7137614678899082,3501202,Álvares Florence,35,SP
710,0.7137614678899082,2604205,Catende,26,PE
711,0.7155963302752295,3301108,Cantagalo,33,RJ
712,0.7211009174311926,1200401,Rio Branco,12,AC
713,0.726605504587156,4205506,Fraiburgo,42,SC
714,0.728440366972477,3511102,Catanduva,35,SP
715,0.7357798165137615,2513703,Santa Rita,25,PB
716,0.7394495412844035,3508207,Buritizal,35,SP
717,0.7422018348623853,3300704,Cabo Frio,33,RJ
718,0.7431192660550459,4217204,São Miguel do Oeste,42,SC
719,0.7486238532110092,3513504,Cubatão,35,SP
720,0.7559633027522936,2513158,Santa Cecília,25,PB
721,0.763302752293578,5108402,Várzea Grande,51,MT
722,0.7688073394495412,3524907,Jambeiro,35,SP
723,0.7688073394495412,4312625,Muliterno,43,RS
724,0.7724770642201835,3550407,São Pedro,35,SP
725,0.7724770642201835,3306107,Valença,33,RJ
726,0.7761467889908258,2700300,Arapiraca,27,AL
727,0.7761467889908258,2704302,Maceió,27,AL
728,0.7871559633027523,3503307,Araras,35,SP
729,0.7871559633027523,3508405,Cabreúva,35,SP
730,0.8091743119266055,3525508,Joanópolis,35,SP
731,0.8110091743119265,3532009,Morungaba,35,SP
732,0.8220183486238533,4114203,Mandaguari,41,PR
733,0.8311926605504587,3515129,Emilianópolis,35,SP
734,0.8311926605504587,5214408,Nazário,52,GO
735,0.83302752293578,2202174,Campo Largo do Piauí,22,PI
736,0.83302752293578,4124004,Santana do Itararé,41,PR
737,0.834862385321101,3509254,Cajati,35,SP
738,0.8403669724770642,2614105,Sertânia,26,PE
739,0.8422018348623852,2202059,Cabeceiras do Piauí,22,PI
740,0.8449541284403672,3302601,Mangaratiba,33,RJ
741,0.8532110091743119,3526704,Leme,35,SP
742,0.855045871559633,3303708,Paraíba do Sul,33,RJ
743,0.8697247706422018,2206803,Nossa Senhora dos Remédios,22,PI
744,0.8697247706422018,3304409,Rio Claro,33,RJ
745,0.8715596330275228,2613503,São José do Belmonte,26,PE
746,0.8715596330275228,2613602,São José do Egito,26,PE
747,0.8788990825688074,2209971,São João do Arraial,22,PI
748,0.879816513761468,3303302,Niterói,33,RJ
749,0.8862385321100916,4318051,São Domingos do Sul,43,RS
750,0.8954128440366973,2403251,Parnamirim,24,RN
751,0.8972477064220183,3534302,Orlândia,35,SP
752,0.9064220183486238,5103403,Cuiabá,51,MT
753,0.9073394495412843,2914802,Itabuna,29,BA
754,0.9082568807339448,3525102,Jardinópolis,35,SP
755,0.9155963302752295,3304706,Santo Antônio de Pádua,33,RJ
756,0.9155963302752295,3305752,Tanguá,33,RJ
757,0.928440366972477,3501905,Amparo,35,SP
758,0.928440366972477,3531803,Monte Mor,35,SP
759,0.930275229357798,3115904,Chácara,31,MG
760,0.9357798165137614,3545803,Santa Bárbara d'Oeste,35,SP
761,0.9366972477064219,1501402,Belém,15,PA
762,0.9376146788990825,3530805,Mogi Mirim,35,SP
763,0.941284403669725,3510005,Cândido Mota,35,SP
764,0.941284403669725,4109401,Guarapuava,41,PR
765,0.941284403669725,3304607,Santa Maria Madalena,33,RJ
766,0.9449541284403671,3527009,Lindóia,35,SP
767,0.9467889908256881,2206100,Matias Olímpio,22,PI
768,0.9467889908256881,2206696,Murici dos Portelas,22,PI
769,0.9504587155963304,3303856,Paty do Alferes,33,RJ
770,0.9504587155963304,3556453,Vargem Grande Paulista,35,SP
771,0.9541284403669725,2304202,Crato,23,CE
772,0.9633027522935778,2510808,Patos,25,PB
773,0.9724770642201837,4312138,Mato Castelhano,43,RS
774,0.9743119266055047,3526100,Juquiá,35,SP
775,0.9761467889908257,2306553,Itarema,23,CE
776,0.9761467889908257,2611101,Petrolina,26,PE
777,0.9761467889908257,3548005,Santo Antônio de Posse,35,SP
778,0.979816513761468,3525805,Júlio Mesquita,35,SP
779,0.9853211009174312,3549706,São José do Rio Pardo,35,SP
780,0.9853211009174312,3204906,São Mateus,32,ES
781,0.9889908256880733,3530706,Mogi Guaçu,35,SP
782,0.9908256880733943,2305803,Ipu,23,CE
783,0.9908256880733943,2512101,Pombal,25,PB
784,0.9981651376146787,3525854,Jumirim,35,SP
785,1.0091743119266057,3152303,Porto Firme,31,MG
786,1.0110091743119267,2612455,Santa Cruz,26,PE
787,1.0128440366972478,3516804,Gastão Vidigal,35,SP
788,1.015596330275229,3541000,Praia Grande,35,SP
789,1.0165137614678899,2307304,Juazeiro do Norte,23,CE
790,1.022018348623853,3510401,Capivari,35,SP
791,1.0229357798165135,3118304,Conselheiro Lafaiete,31,MG
792,1.0256880733944953,4125357,São Jorge do Patrocínio,41,PR
793,1.0275229357798163,3537107,Pedreira,35,SP
794,1.034862385321101,2306405,Itapipoca,23,CE
795,1.0376146788990825,3302007,Itaguaí,33,RJ
796,1.0385321100917433,3106101,Belmiro Braga,31,MG
797,1.0385321100917433,2209906,São João da Serra,22,PI
798,1.0422018348623854,3510807,Casa Branca,35,SP
799,1.0431192660550457,3509502,Campinas,35,SP
800,1.0495412844036696,4125605,São Mateus do Sul,41,PR
801,1.0532110091743119,2205854,Madeiro,22,PI
802,1.056880733944954,4101804,Araucária,41,PR
803,1.056880733944954,2906303,Canavieiras,29,BA
804,1.0605504587155965,3546702,Santa Gertrudes,35,SP
805,1.0660550458715596,2604106,Caruaru,26,PE
806,1.071559633027523,4110904,Itaguajé,41,PR
807,1.0788990825688072,1200807,Porto Acre,12,AC
808,1.0825688073394495,2211001,Teresina,22,PI
809,1.0844036697247705,3131406,Ipiaçu,31,MG
810,1.0990825688073396,2206670,Morro do Chapéu do Piauí,22,PI
811,1.1045871559633027,2600401,Água Preta,26,PE
812,1.1082568807339448,3547502,Santa Rita do Passa Quatro,35,SP
813,1.1100917431192658,3532827,Nova Campina,35,SP
814,1.115596330275229,2605301,Exu,26,PE
815,1.115596330275229,4112306,Japira,41,PR
816,1.1192660550458717,4211900,Palhoça,42,SC
817,1.1192660550458717,4317558,Santo Antônio do Palma,43,RS
818,1.1229357798165138,4111001,Itambaracá,41,PR
819,1.1229357798165138,2610707,Paulista,26,PE
820,1.1266055045871561,4314100,Passo Fundo,43,RS
821,1.1293577981651377,2100055,Açailândia,21,MA
822,1.1321100917431193,2504009,Campina Grande,25,PB
823,1.1321100917431193,2910404,Encruzilhada,29,BA
824,1.1357798165137614,2601706,Belo Jardim,26,PE
825,1.1431192660550455,3526308,Lagoinha,35,SP
826,1.1486238532110093,2307650,Maracanaú,23,CE
827,1.1504587155963304,2305902,Ipueiras,23,CE
828,1.1559633027522938,4125506,São José dos Pinhais,41,PR
829,1.1577981651376148,2408102,Natal,24,RN
830,1.1577981651376148,4320800,Soledade,43,RS
831,1.1596330275229358,2928059,Santa Luzia,29,BA
832,1.161467889908257,2304400,Fortaleza,23,CE
833,1.1743119266055047,1715754,Palmeirópolis,17,TO
834,1.176146788990826,2310308,Parambu,23,CE
835,1.177981651376147,3544103,Rio Grande da Serra,35,SP
836,1.1788990825688073,3303500,Nova Iguaçu,33,RJ
837,1.1853211009174314,2600708,Aliança,26,PE
838,1.1908256880733945,4313706,Palmeira das Missões,43,RS
839,1.1963302752293576,3304151,Quissamã,33,RJ
840,1.2055045871559635,2302305,Bela Cruz,23,CE
841,1.2073394495412846,3523404,Itatiba,35,SP
842,1.2073394495412846,4126702,Tamboara,41,PR
843,1.2110091743119267,4317251,Santa Tereza,43,RS
844,1.2220183486238532,3540705,Porto Ferreira,35,SP
845,1.2256880733944953,4204202,Chapecó,42,SC
846,1.2330275229357794,3522307,Itapetininga,35,SP
847,1.2339449541284404,3551009,São Vicente,35,SP
848,1.2403669724770643,4117057,Nova Laranjeiras,41,PR
849,1.2440366972477066,2200301,Alto Longá,22,PI
850,1.2513761467889908,5003306,Coxim,50,MS
851,1.258715596330275,4127908,Tuneiras do Oeste,41,PR
852,1.2678899082568809,4304952,Caseiros,43,RS
853,1.269724770642202,3505906,Batatais,35,SP
854,1.2770642201834863,4124707,São Jerônimo da Serra,41,PR
855,1.2825688073394494,2512507,Queimadas,25,PB
856,1.2954128440366974,4118204,Paranaguá,41,PR
857,1.3009174311926608,3531704,Monteiro Lobato,35,SP
858,1.3045871559633029,3515152,Engenheiro Coelho,35,SP
859,1.3155963302752292,3503000,Aramina,35,SP
860,1.324770642201835,4300604,Alvorada,43,RS
861,1.3339449541284405,3201308,Cariacica,32,ES
862,1.3394495412844036,3505351,Barra do Chapéu,35,SP
863,1.3394495412844036,4103354,Braganey,41,PR
864,1.3431192660550457,3300225,Areal,33,RJ
865,1.3633027522935781,4126355,Serranópolis do Iguaçu,41,PR
866,1.3660550458715595,3305554,Seropédica,33,RJ
867,1.3669724770642202,4108650,Goioxim,41,PR
868,1.3669724770642202,4208906,Jaraguá do Sul,42,SC
869,1.3697247706422018,3131307,Ipatinga,31,MG
870,1.3724770642201833,3303955,Pinheiral,33,RJ
871,1.3761467889908254,2207900,Pedro II,22,PI
872,1.3761467889908254,4314902,Porto Alegre,43,RS
873,1.3798165137614675,4206504,Guaramirim,42,SC
874,1.3798165137614675,2611606,Recife,26,PE
875,1.3816513761467892,2200707,Anísio de Abreu,22,PI
876,1.3853211009174313,3508702,Caconde,35,SP
877,1.3871559633027524,3549102,São João da Boa Vista,35,SP
878,1.3963302752293578,4120606,Prudentópolis,41,PR
879,1.3981651376146789,4128203,União da Vitória,41,PR
880,1.401834862385321,3545308,Salto de Pirapora,35,SP
881,1.401834862385321,2312809,Senador Sá,23,CE
882,1.403669724770642,3522604,Itapira,35,SP
883,1.4146788990825687,4210308,Major Vieira,42,SC
884,1.41651376146789,4203600,Campos Novos,42,SC
885,1.4174311926605503,3523107,Itaquaquecetuba,35,SP
886,1.4201834862385323,4301750,Barão do Triunfo,43,RS
887,1.4201834862385323,3106903,Bicas,31,MG
888,1.4238532110091744,4315602,Rio Grande,43,RS
889,1.4330275229357796,2313500,Trairi,23,CE
890,1.4366972477064217,3530904,Mombuca,35,SP
891,1.4385321100917428,3542602,Registro,35,SP
892,1.4403669724770645,3526209,Juquitiba,35,SP
893,1.4403669724770645,4117206,Nova Olímpia,41,PR
894,1.4403669724770645,3305406,Sapucaia,33,RJ
895,1.4440366972477066,2402204,Canguaretama,24,RN
896,1.4458715596330276,4307906,Farroupilha,43,RS
897,1.4458715596330276,2606804,Igarassu,26,PE
898,1.4486238532110092,3303203,Nilópolis,33,RJ
899,1.4522935779816513,3304904,São Gonçalo,33,RJ
900,1.455045871559633,2507507,João Pessoa,25,PB
901,1.4559633027522934,3301900,Itaboraí,33,RJ
902,1.4605504587155962,3103900,Araújos,31,MG
903,1.4605504587155962,2607653,Itambé,26,PE
904,1.4642201834862383,4305504,Ciríaco,43,RS
905,1.4642201834862383,2609600,Olinda,26,PE
906,1.469724770642202,4200408,Água Doce,42,SC
907,1.4733944954128442,3503802,Artur Nogueira,35,SP
908,1.4788990825688075,4209300,Lages,42,SC
909,1.4825688073394496,2913002,Ibitiara,29,BA
910,1.4926605504587158,3304144,Queimados,33,RJ
911,1.4981651376146792,3119401,Coronel Fabriciano,31,MG
912,1.5018348623853213,3105608,Barbacena,31,MG
913,1.5045871559633028,4302808,Caçapava do Sul,43,RS
914,1.5045871559633028,3303005,Miracema,33,RJ
915,1.5082568807339451,4105805,Colombo,41,PR
916,1.5119266055045872,4204806,Curitibanos,42,SC
917,1.5174311926605504,4104204,Campo Largo,41,PR
918,1.5211009174311925,4117255,Nova Prata do Iguaçu,41,PR
919,1.5238532110091745,3300456,Belford Roxo,33,RJ
920,1.5321100917431194,4302105,Bento Gonçalves,43,RS
921,1.5376146788990828,2312908,Sobral,23,CE
922,1.543119266055046,4214904,Rio Fortuna,42,SC
923,1.548623853211009,2310704,Pentecoste,23,CE
924,1.561467889908257,2613107,São Caetano,26,PE
925,1.5669724770642204,3205200,Vila Velha,32,ES
926,1.5688073394495414,4107207,Dois Vizinhos,41,PR
927,1.5853211009174308,4204608,Criciúma,42,SC
928,1.5853211009174308,4107736,Fernandes Pinheiro,41,PR
929,1.589908256880734,3513009,Cotia,35,SP
930,1.591743119266055,3549904,São José dos Campos,35,SP
931,1.5926605504587157,3512209,Conchal,35,SP
932,1.594495412844037,4321469,Tio Hugo,43,RS
933,1.596330275229358,4127858,Três Barras do Paraná,41,PR
934,1.6,4126678,Tamarana,41,PR
935,1.6009174311926604,3522208,Itapecerica da Serra,35,SP
936,1.6055045871559632,4318424,São João da Urtiga,43,RS
937,1.6110091743119264,3511706,Charqueada,35,SP
938,1.6146788990825685,3205002,Serra,32,ES
939,1.6220183486238533,4115200,Maringá,41,PR
940,1.6238532110091746,3306008,Três Rios,33,RJ
941,1.6293577981651377,3546306,Santa Cruz das Palmeiras,35,SP
942,1.6311926605504588,3201209,Cachoeiro de Itapemirim,32,ES
943,1.6311926605504588,4307708,Esteio,43,RS
944,1.638532110091743,3137106,Lagamar,31,MG
945,1.646788990825688,3552809,Taboão da Serra,35,SP
946,1.6495412844036699,4202800,Braço do Norte,42,SC
947,1.6642201834862385,3515186,Espírito Santo do Pinhal,35,SP
948,1.6825688073394498,3553302,Tambaú,35,SP
949,1.686238532110092,3557303,Estiva Gerbi,35,SP
950,1.693577981651376,2516003,Solânea,25,PB
951,1.6972477064220182,4300505,Alpestre,43,RS
952,1.708256880733945,4200309,Agronômica,42,SC
953,1.7284403669724768,3304128,Quatis,33,RJ
954,1.732110091743119,4323002,Viamão,43,RS
955,1.7330275229357799,3515707,Ferraz de Vasconcelos,35,SP
956,1.7357798165137617,2206506,Monsenhor Hipólito,22,PI
957,1.7449541284403671,3304110,Porto Real,33,RJ
958,1.7504587155963303,4202404,Blumenau,42,SC
959,1.753211009174312,3516309,Francisco Morato,35,SP
960,1.7541284403669724,3201506,Colatina,32,ES
961,1.7541284403669724,4218103,Timbé do Sul,42,SC
962,1.7577981651376144,4304606,Canoas,43,RS
963,1.7577981651376144,4119905,Ponta Grossa,41,PR
964,1.7614678899082565,3306206,Vassouras,33,RJ
965,1.7669724770642203,4314472,Pinhal Grande,43,RS
966,1.787155963302752,3516200,Franca,35,SP
967,1.7926605504587159,2514206,São José da Lagoa Tapada,25,PB
968,1.794495412844037,4101507,Arapongas,41,PR
969,1.8000000000000003,4319125,São Martinho da Serra,43,RS
970,1.8055045871559634,4107900,Floresta,41,PR
971,1.8073394495412844,4315701,Rio Pardo,43,RS
972,1.8110091743119265,2300754,Amontada,23,CE
973,1.8110091743119265,2503753,Cajazeirinhas,25,PB
974,1.8128440366972476,4303103,Cachoeirinha,43,RS
975,1.8128440366972476,2202406,Capitão de Campos,22,PI
976,1.8128440366972476,4106902,Curitiba,41,PR
977,1.8201834862385318,4212007,Palma Sola,42,SC
978,1.836697247706422,4209102,Joinville,42,SC
979,1.8422018348623852,4117503,Paiçandu,41,PR
980,1.8587155963302755,4316808,Santa Cruz do Sul,43,RS
981,1.863302752293578,3547304,Santana de Parnaíba,35,SP
982,1.865137614678899,3513801,Diadema,35,SP
983,1.8688073394495415,3305109,São João de Meriti,33,RJ
984,1.8706422018348625,3548500,Santos,35,SP
985,1.8733944954128439,4202909,Brusque,42,SC
986,1.875229357798165,4311809,Marau,43,RS
987,1.875229357798165,4218202,Timbó,42,SC
988,1.8990825688073394,4205407,Florianópolis,42,SC
989,1.9000000000000001,3301702,Duque de Caxias,33,RJ
990,1.9009174311926604,4113700,Londrina,41,PR
991,1.9100917431192659,4117602,Palmas,41,PR
992,1.9192660550458718,4216602,São José,42,SC
993,1.924770642201835,3205309,Vitória,32,ES
994,1.930275229357798,4301602,Bagé,43,RS
995,1.9486238532110094,4322608,Venâncio Aires,43,RS
996,1.9559633027522936,4305108,Caxias do Sul,43,RS
997,1.9706422018348626,4116802,Nova Cantu,41,PR
998,1.977981651376147,4305959,Cotiporã,43,RS
999,1.9834862385321101,4322400,Uruguaiana,43,RS
1000,1.9853211009174312,2604908,Cumaru,26,PE
1001,1.9981651376146787,4127700,Toledo,41,PR
1002,2.001834862385321,4108304,Foz do Iguaçu,41,PR
1003,2.003669724770642,2312304,São Benedito,23,CE
1004,2.0055045871559636,4102406,Bandeirantes,41,PR
1005,2.0128440366972478,4122156,Rio Bonito do Iguaçu,41,PR
1006,2.020183486238532,4309209,Gravataí,43,RS
1007,2.0275229357798166,2408003,Mossoró,24,RN
1008,2.0311926605504587,4113304,Laranjeiras do Sul,41,PR
1009,2.0422018348623854,4314407,Pelotas,43,RS
1010,2.0449541284403665,3530607,Mogi das Cruzes,35,SP
1011,2.0504587155963305,3510609,Carapicuíba,35,SP
1012,2.0504587155963305,3552502,Suzano,35,SP
1013,2.0541284403669726,3522505,Itapevi,35,SP
1014,2.0550458715596327,2307700,Maranguape,23,CE
1015,2.0605504587155963,2506251,Gado Bravo,25,PB
1016,2.064220183486239,4309100,Gramado,43,RS
1017,2.06605504587156,4320008,Sapucaia do Sul,43,RS
1018,2.070642201834862,3543303,Ribeirão Pires,35,SP
1019,2.072477064220183,3525003,Jandira,35,SP
1020,2.073394495412844,4112009,Jaguariaíva,41,PR
1021,2.075229357798165,4117701,Palmeira,41,PR
1022,2.078899082568807,2516508,Taperoá,25,PB
1023,2.0844036697247703,3513900,Divinolândia,35,SP
1024,2.086238532110092,4109203,Guaraci,41,PR
1025,2.0981651376146786,3529401,Mauá,35,SP
1026,2.1064220183486237,4304200,Candelária,43,RS
1027,2.118348623853211,3516408,Franco da Rocha,35,SP
1028,2.1321100917431193,4122305,Rio Negro,41,PR
1029,2.1431192660550455,2612109,Salgadinho,26,PE
1030,2.148623853211009,2603454,Camaragibe,26,PE
1031,2.161467889908257,4103701,Cambé,41,PR
1032,2.169724770642202,3548708,São Bernardo do Campo,35,SP
1033,2.171559633027523,3518800,Guarulhos,35,SP
1034,2.173394495412844,3505708,Barueri,35,SP
1035,2.1761467889908257,3203205,Linhares,32,ES
1036,2.1871559633027524,4316907,Santa Maria,43,RS
1037,2.1944954128440366,4101408,Apucarana,41,PR
1038,2.1963302752293576,4212700,Petrolândia,42,SC
1039,2.2009174311926607,3547809,Santo André,35,SP
1040,2.2091743119266054,2307007,Jaguaruana,23,CE
1041,2.212844036697248,3542107,Rafard,35,SP
1042,2.220183486238532,4202305,Biguaçu,42,SC
1043,2.224770642201835,3302858,Mesquita,33,RJ
1044,2.2302752293577983,3515004,Embu das Artes,35,SP
1045,2.2477064220183487,3202405,Guarapari,32,ES
1046,2.2477064220183487,4214409,Rio das Antas,42,SC
1047,2.2495412844036697,4318705,São Leopoldo,43,RS
1048,2.2788990825688074,2304707,Granja,23,CE
1049,2.2862385321100915,2204204,Francisco Santos,22,PI
1050,2.2880733944954126,4311007,Jaguarão,43,RS
1051,2.302752293577982,4116505,Nova Aliança do Ivaí,41,PR
1052,2.315596330275229,4108205,Formosa do Oeste,41,PR
1053,2.324770642201835,4313409,Novo Hamburgo,43,RS
1054,2.3348623853211006,3552106,Socorro,35,SP
1055,2.346788990825688,2200400,Altos,22,PI
1056,2.3522935779816514,3138625,Limeira do Oeste,31,MG
1057,2.3724770642201833,4311601,Liberato Salzano,43,RS
1058,2.38348623853211,2205573,Lagoa de São Francisco,22,PI
1059,2.396330275229358,4313904,Panambi,43,RS
1060,2.39908256880734,3518701,Guarujá,35,SP
1061,2.407339449541284,3544004,Rio das Pedras,35,SP
1062,2.41651376146789,4100905,Amaporã,41,PR
1063,2.4247706422018345,3534401,Osasco,35,SP
1064,2.4422018348623853,2414407,Touros,24,RN
1065,2.453211009174312,4200606,Águas Mornas,42,SC
1066,2.455045871559633,2207009,Oeiras,22,PI
1067,2.458715596330275,2203701,Esperantina,22,PI
1068,2.4678899082568804,3530508,Mococa,35,SP
1069,2.471559633027523,4115507,Marumbi,41,PR
1070,2.4844036697247707,2205003,Itainópolis,22,PI
1071,2.4844036697247707,4115309,Mariópolis,41,PR
1072,2.4862385321100917,2310209,Paracuru,23,CE
1073,2.497247706422018,2401008,Apodi,24,RN
1074,2.5091743119266052,3302270,Japeri,33,RJ
1075,2.5220183486238534,3548807,São Caetano do Sul,35,SP
1076,2.543119266055046,2200251,Alagoinha do Piauí,22,PI
1077,2.548623853211009,2210656,Sigefredo Pacheco,22,PI
1078,2.68256880733945,2411205,Santa Cruz,24,RN
1079,2.688073394495413,2504157,Casserengue,25,PB
1080,2.7504587155963303,2201200,Barras,22,PI
1081,2.7688073394495416,3114550,Carneirinho,31,MG
1082,2.7944954128440367,2314102,Viçosa do Ceará,23,CE
1083,2.8256880733944953,4122206,Rio Branco do Sul,41,PR
1084,2.8477064220183483,4307609,Estância Velha,43,RS
1085,2.8568807339449545,2202083,Cajueiro da Praia,22,PI
1086,2.8568807339449545,4207908,Irineópolis,42,SC
1087,2.8587155963302755,2308005,Massapê,23,CE
1088,2.8678899082568807,2202026,Buriti dos Montes,22,PI
1089,3.1330275229357794,3550308,São Paulo,35,SP
1090,3.7605504587155965,3304557,Rio de Janeiro,33,RJ
